{
    "0": 0.09090909090909091,
    "1": 0.09090909090909091,
    "2": 0.2727272727272727,
    "3": 0.09090909090909091,
    "4": 0.18181818181818182,
    "5": 0.36363636363636365,
    "6": 0.09090909090909091,
    "7": 0.0,
    "8": 0.0,
    "9": 0.0,
    "10": 0.0,
    "11": 0.36363636363636365,
    "12": 0.18181818181818182,
    "13": 0.09090909090909091,
    "14": 0.18181818181818182,
    "15": 0.0,
    "16": 0.09090909090909091,
    "17": 0.09090909090909091,
    "18": 0.2727272727272727,
    "end": "value"
}